Dataset_Name,Number_of_Bins
dataset_1.csv,74
dataset_2.csv,4646
dataset_3.csv,3991
dataset_4.csv,890
dataset_5.csv,1257
dataset_6.csv,1533
dataset_7.csv,3662
dataset_8.csv,3744
dataset_9.csv,4643
dataset_10.csv,3310
dataset_11.csv,3276
dataset_12.csv,2191
dataset_13.csv,2808
dataset_14.csv,1315
dataset_15.csv,1518
dataset_16.csv,2024
dataset_17.csv,3237
dataset_18.csv,3436
dataset_19.csv,1043
dataset_20.csv,2350
dataset_21.csv,2794
dataset_22.csv,4901
dataset_23.csv,4594
dataset_24.csv,2285
dataset_25.csv,461
dataset_26.csv,4153
dataset_27.csv,4944
dataset_28.csv,1456
dataset_29.csv,3200
dataset_30.csv,322
dataset_31.csv,1166
dataset_32.csv,4107
dataset_33.csv,3085
dataset_34.csv,194
dataset_35.csv,1905
dataset_36.csv,4124
dataset_37.csv,1777
dataset_38.csv,2008
dataset_39.csv,3183
dataset_40.csv,3398
dataset_41.csv,4350
dataset_42.csv,3155
dataset_43.csv,1654
dataset_44.csv,433
dataset_45.csv,4902
dataset_46.csv,696
dataset_47.csv,4626
dataset_48.csv,4704
dataset_49.csv,3088
dataset_50.csv,3682
